<?xml version="1.0" encoding="UTF-8"?>
<!--
 [y] hybris Platform

 Copyright (c) 2017 SAP SE or an SAP affiliate company.  All rights reserved.

 This software is the confidential and proprietary information of SAP
 ("Confidential Information"). You shall not disclose such Confidential
 Information and shall use it only in accordance with the terms of the
 license agreement you entered into with SAP.
-->
<list-view xmlns:xsi="http://www.w3.org/2001/XMLSchema-instance" xsi:noNamespaceSchemaLocation="list-view.xsd"
           unassigned-group-name="Other">
	<group name="General">
		<custom class="de.hybris.platform.cockpit.services.config.impl.LineNumberColumn" name="Line nr" visible="false" selectable="true" width="70px"/>
		<property qualifier="cmsitem.name" visible="true" width="350px"/>
		<property qualifier="abstractpage.type" visible="true" width="150px"/>
		<property qualifier="abstractpage.defaultPage" visible="true" width="100px">
			<renderer class="de.hybris.platform.cockpit.model.listview.impl.BooleanCellRenderer"/>
		</property>
		<property qualifier="abstractpage.masterTemplate" visible="true" width="150px"/>
		<custom spring-bean="CatalogAbstractPageSectionListActionColumn" name="Actions" visible="true" selectable="true"/>
	</group>
</list-view>